"Blues Brothers",0
"Godfather, The",0
"Being John Malkovich",0
"Forrest Gump",0
"Grumpy Old Men",0
"Star Wars Episode II: Attack of the Clones",0
Caddyshack,0
"Remember the Titans",0
"Star Wars",0
"Bull Durham",0
"Grosse Pointe Blank",0
"Forbidden Planet",0
Alien,0
Dune,0
"The Natural",0
"The Usual Suspects",0
"Apollo 13",0
"Pulp Fiction",0
"Apocalypse Now Redux",0
"Crouching Tiger, Hidden Dragon",0
Casablanca,0
GoldenEye,0
Braveheart,0
Highlander,0
"Bridge on the River Kwai, The",0
"Best in Show",0
"Apocalypse Now",0
"The Meaning of Life",0
"Das Boot",0
"Piano, The",0
"Starship Trooper",0
"Rosenrantz and Guildenstern are Dead",0
"Rear Window",0
"Monty Python's the Meaning of Life",0
"Time Bandits",0
"Run Lola Run (Lola Rennt)",0
"Unbearable Lightness of Being, The",0
Robocop,0
"Get Shorty",0
"Replacements, The",0
"Star Wars",0
Unbreakable,0
"Raiders of the Lost Ark",0
"Princess Bride, The",0
"Raiders of the Lost Ark",0
"Ferris Bueller's Day Off",0
"Mr. Holland's Opus",0
"Gosford Park",0
"Father of the Bride",0
"Singin' In The Rain",0
Armageddon,0
"A.I.: Artificial Intelligence",0
"Star Wars Episode I: The Phantom Menace",0
"Sixth Sense, The",0
"Coyote Ugly",0
"American President, The",0
"Wedding Singer, The",0
Anastasia,0
Grease,0
"Star Trek: First Contact",0
"Fugitive, The",0
X-Men,0
"Buffy The Vampire Slayer",0
"Tin Cup",0
"Harry Potter and the Sorcerer's Stone",0
Shrek,0
"THE SILENCE OF THE LAMBS",0
"Green Mile, The",0
"Gone in 60 Seconds",0
"What Lies Beneath",0
"Lion King, The",0
"Godfather, Part II, The",0
"There's Something about Mary",0
"American Pie",0
"Meet the Parents",0
Highlander,0
"Angel Heart",0
"Life of Brian",0
"Terminator 2: Judgement Day",0
"Matrix, The",0
"Game, The",0
"Rosemary's Baby",0
Gladiator,0
"Some Like It Hot",0
"Lawrence of Arabia",0
"Clockwork Orange, A",0
"Unbelievable Truth",0
"The Gods Must be Crazy!",0
"Star Wars Episode II: Attack of the Clones",0
stargate,0
"Last Starfighter, The",0
"French Kiss",0
"Muriel's Wedding",0
"The Color Purple",0
"Little Women",0
"There's Something about Mary",0
"Miss Congeniality",0
"Mad, Mad Mad World",0
"Star Wars Episode I: The Phantom Menace",0
"Little Princess, A",0
Dogma,0
"Almost Famous",0
"South Park: Bigger, Longer, and Uncut",0
Manhattan,0
"High Fidelity",0
"American Psycho",0
"Home for the Holidays",0
"Empire Strikes Back, The",0
Brazil,0
"This is Spinal Tap",0
"Annie Hall",0
Philadelphia,0
"Singin' In The Rain",0
"Moulin Rouge",0
"Seven Samurai",0
"North By Northwest",0
"Beautiful Mind, A",0
"Indiana Jones and the Raiders of the Lost Ark",0
Kingpin,0
"Godfather, The",0
"Beauty and the Beast",0
"Star Wars Episode I: The Phantom Menace",0
"Blues Brothers",0
"Die Hard",0
"Bill & Ted's Excellent Adventure",0
"Lilo & Stitch",0
"Starship Trooper",0
"Blues Brothers 2000",0
"Apocalypse Now",0
"Star Wars",0
Gladiator,0
"Minority Report",0
"Die Hard",0
Hoosiers,0
"Big Chill",0
Amadeus,0
Rocky,0
"Animal House",0
"American Graffiti",0
"Air Force One",0
"American President, The",0
"Affair to Remember",0
Aliens,0
"Empire Strikes Back, The",0
"Star Wars",0
"Singin' In The Rain",0
GoldenEye,0
"The Natural",0
"Enter the Dragon",0
"A Few Good Men",0
"Lord of the Rings: The Fellowship of the Ring, The",0
"I Love Trouble",0
Mulan,0
"My Big Fat Greek Wedding",0
"Terminator, The",0
"Jurassic Park",0
"Journey to the Center of the Earth",0
GoldenEye,0
"From Hell and Back",0
Fletch,0
"English Patient",0
"High Noon",0
"My Big Fat Greek Wedding",0
Gladiator,0
"Bridge on the River Kwai, The",0
"Independence Day",0
Ghost,0
"Indiana Jones and the Temple of Doom",0
"Court Jester, The",0
"George of the Jungle",0
Ghostbusters,0
"Blazing Saddles",0
"From Hell and Back",0
Bandits,0
"Lawrence of Arabia",0
"It's a Wonderful Life",0
"Deer Hunter, The",0
"Gone with the Wind",0
Braveheart,0
"Back to the Future",0
Beetlejuice,0
"Star Wars",0
"Terminator, The",0
"National Lampoon's Van Wilder",0
"Starship Trooper",0
"Star wars",0
"Star Wars Episode II: Attack of the Clones",0
"Star Wars",0
"Star Wars Episode I: The Phantom Menace",0
"Lord of the Rings: The Fellowship of the Ring, The",0
"Musketeer, The",0
"Top Gun",0
"Matrix, The",0
"Lord of the Rings: The Fellowship of the Ring, The",0
"Star Wars",0
"Die Hard",0
"Indiana Jones and the Last Crusade",0
Fantasia,0
"Star Trek: The Wrath of Khan",0
"Treasure of the Sierra Madre, The",0
"Top Secret!",0
"Hunt for Red October, The",0
"It's a Wonderful Life",0
"Return of the Jedi",0
"Mission: Impossible",0
"Naked Gun, The",0
Fail-Safe,0
"Pretty Woman",0
"Blues Brothers",0
"Godfather Part III, The",0
"Ace Ventura Pet Detective",0
"Austin Powers In Goldmember",0
Rainman,0
Fargo,0
"Fiddler on the Roof",0
"Conspiracy Theory",0
Ransom,0
"Men in Black",0
"Dances With Wolves",0
"Guarding Tess",0
"Fast Times at Ridgemont High",0
"Lethal Weapon 4",0
"Star Wars",0
"Forrest Gump",0
"Lethal Weapon",0
"Die Hard With a Vengeance",0
"Coming to America",0
"Godfather, Part II, The",0
"Shining, The",0
"Star Wars Episode V: Empire Strikes Back",0
"Crouching Tiger, Hidden Dragon",0
"X-Files, The",0
"Star Wars Episode II: Attack of the Clones",0
"Mad Max",0
"Cinema Pardisimo",0
"Yellow Submarine",1
"A beautiful mind",1
"20,000 Leagues Under The Sea",1
"Dark Crystal, The",1
Stripes,1
"War Of The Worlds",1
"Fried Green Tomatoes",1
"Back to the Future, Part III",1
"Star Wars",1
"Empire Strikes Back, The",1
"X-Files, The",1
"Grumpier Old Men",1
"There's Something about Mary",1
"Firm, The",1
"Monsoon Wedding",1
"Pulp Fiction",1
"Just the Ticket",1
"My Fair Lady",1
"Four Weddings and a Funeral",1
Stakeout,1
"American Pie 2",1
Armageddon,1
"You've Got Mail",1
"Erin Brockovich",1
"Harry Potter and the Sorcerer's Stone",1
"Grand Canyon",1
"The Good, The Bad, and the Ugly",1
Airplane,1
"Manchurian Candidate, The",1
"Longest Day The",1
"Easy Rider",1
"Schindler's List",1
"Saving Private Ryan",1
"Body Heat",1
"Taxi Driver",1
"Witness for the Prosecution",1
"Rocky Horror Picture Show, The",1
Chinatown,1
"Top Gun",1
"Last Picture Show, The",1
"Wrong Trousers, The",1
"La Femme Nikita",1
"Green Mile, The",1
"O Brother, Where Art Thou?",1
"A Christmas Story",1
"October Sky",1
"Office Space",1
"One Flew over the Cuckoo's Nest",1
"Jacob's Ladder",1
"Blood Simple",1
"Man Who Would be King, The",1
"Rocky Horror Picture Show, The",1
"Back to the Future",1
"Fifth Element, The",1
Antz,1
"Big Lebowski, The",1
"Kelly's Heroes",1
"48 Hours",1
"True Lies",1
"Toy Story",1
"Any Given Sunday",1
"A.I.: Artificial Intelligence",1
"Raiders of the Lost Ark",1
"Absolute Power",1
"Art of War, The",1
"Raising Arizona",1
"Rush Hour",1
"Dark Crystal, The",1
"Blade Runner",1
"Roman Holiday",1
"Rear Window",1
"Minority Report",1
"A beautiful mind",1
Shaft,1
"Bring It On",1
"Billy Madison",1
"Blues Brothers",1
Eraser,1
"Dr. Dolittle 2",1
Carrie,1
"American President, The",1
"Dead Poets Society",1
"Alien 3",1
"Color Purple, The",1
"American Beauty",1
"Buffy The Vampire Slayer",1
Alien,1
"Children of the Corn",1
"Happy Gilmore",1
"Bill & Ted's Bogus Journey",1
"Dante's Peak",1
"Empire Strikes Back, The",1
Clockwatchers,1
"Fox and the Hound, The",1
"Conan the Barbarian",1
"Crocodile Dundee",1
"G.I. Jane",1
"Apocalypse Now",1
"Pulp Fiction",1
X-Men,1
"Brotherhood of the Wolf",1
"Apollo 13",1
"As Good As It Gets",1
Philadelphia,1
"A.I.: Artificial Intelligence",1
"Nine Months",1
"Analyze This",1
"A Few Good Men",1
"Bridge on the River Kwai, The",1
"Lawrence of Arabia",1
"Star Wars Episode V: Empire Strikes Back",1
"Star Wars Episode VI: Return of the Jedi",1
"Lord of the Rings: The Fellowship of the Ring, The",1
"Double Indemnity",1
"Raiders of the Lost Ark",1
"In the Bedroom",1
"Forrest Gump",1
Willow,1
"Being There",1
"Grapes of Wrath, The",1
"Lord of the Rings: The Fellowship of the Ring, The",1
"Princess Bride, The",1
"Arsenic and Old Lace",1
"Mississippi Burning",1
"Star Wars",1
"Chicken Run",1
"The Gods Must be Crazy!",1
"Monty Python and the Holy Grail",1
Casablanca,1
"Breaking Away",1
"Key Largo",1
"This is Spinal Tap",1
"Mask, The",1
"Night at the Opera",1
Mulan,1
"Gods Must Be Crazy, The",1
Rashomon,1
"Lilo & Stitch",1
Bambi,1
"Indiana Jones and the Raiders of the Lost Ark",1
"Butch Cassidy and the Sundance Kid",1
"Woman of hte Year",1
"Full Monty, The",1
Babe,1
"Muppet Treasure Island",1
"Killing Fields, The",1
"One Flew over the Cuckoo's Nest",1
"Life of Brian",1
"Cyrano de Bergerac",1
"Victor Victoria",1
"Adam's Rib",1
"Cider House Rules, The",1
Amadeus,1
"It's a Wonderful Life",1
"Some Like It Hot",1
"Citizen Kane",1
"The Philadelphia Story",1
"Return of the Jedi",1
"Singin' In The Rain",1
"Man Who Knew Too Much, The",1
Dumbo,1
"Blazing Saddles",1
Big,1
"A beautiful mind",1
"Shipping News, The",1
"Producers, The",1
"A beautiful mind",1
"Addicted to Love",1
"What Women Want",1
"Blazing Saddles",1
"Young Frankenstein",1
"Godfather, Part II, The",1
"Liar Liar",1
"Godfather Part III, The",1
"Forrest Gump",1
"When Harry Met Sally",1
"True Romance",1
"Green Mile, The",1
Goodfellas,1
"Good Will Hunting",1
"When a Man Loves a Woman",1
"Apocalypse Now",1
Heathers,1
"Fear and Loathing in Las Vegas",1
Clerks,1
"L. A. Story",1
"Ferris Bueller's Day Off",1
"Better Off Dead",1
"Majestic, The",1
"Men in Black",1
"A beautiful mind",1
"A Christmas Story",1
"A Few Good Men",1
"Kid, The",1
"Apollo 13",1
"Forrest Gump",1
"Saving Private Ryan",1
"Abyss, The",1
Goldfinger,1
"Young Frankenstein",1
"Adventures of Robin Hood, The",1
"French Connection, The",1
"Mon Oncle",1
"Importance of Being Earnest, The",1
"Captain Blood",1
"The General",1
"Journey to the Center of the Earth",1
"Magnificent Seven, The",1
"My Favorite Year",1
"The Thin Man",1
"Mr. Hulot's Holiday",1
"Singin' In The Rain",1
"Four Feathers, The",1
"Great Race, The",1
"Lethal Weapon II",1
Gladiator,1
Casino,1
Braveheart,1
"Star Wars",1
"Lethal Weapon",1
"Batman & Robin",1
Dracula,1
Lassie,1
Casablanca,1
"Fugitive, The",1
"Il Postino",1
"Prophecy, The",1
"Indecent Proposal",1
"Anna and the King",1
"Harry Potter and the Chamber of Secrets",1
"Mission: Impossible",1
"Les Miserables Tristar (1998)",1
"Pretty In Pink",1
"Last Temptation of Christ",1
"Prince of Egypt",1
Bambi,1
"Matrix, The",1
Gandhi,1
"Billy Elliot",1
"Lord of the Rings: The Fellowship of the Ring, The",1
Brazil,1
"Mask of Zorro",1
"Hello Dolly",1
"Driving Miss Daisy",1
"Kiss of the Spider Woman",1
"Patch Adams",1
"Batman Beyond: Return of the Joker",1
"My Fair Lady",1
"Little Mermaid, The",1
Gigi,1
"Lord of the Rings: The Two Towers, The",1
Footloose,1
Batman,1
Awakenings,1
"Goodmorning Vietnam",1
"Mad Max",1
"Buffy The Vampire Slayer",1
Beethoven,1
Rainman,1
"Cyrano de Bergerac",1
"Mrs. Doubtfire",1
"Hunt for Red October, The",1
"Blade Runner",1
Papillon,1
"Chariots of Fire",1
"Adventures of Robin Hood, The",1
"Pretty Woman",1
"Planet of the Apes",1
Cleopatra,1
Evita,1
"Harry Potter and the Sorcerer's Stone",1
"Never Say Never Again",1
Pocahontas,1
"Godfather Part III, The",1
"Nine Months",1
"Firm, The",1
Dumbo,1
"Cinema Paradiso: The New Version",1
"Color Purple, The",1
"Godfather, The",1
"Cyrano de Bergerac",1
Hannibal,1
"American Beauty",1
Pinocchio,1
"Les Miserables Warner Bros. (1996)",1
"Beauty and the Beast",1
"Dead Poets Society",1
"Monsters Inc.",1
Bleu,1
"Dangerous Liasons",1
Chocolat,1
"Empire of the Sun",1
Octopussy,1
Elizabeth,1
"Hunchback of Notre Dame, The",1
"Forrest Gump",1
Fantasia,1
"A beautiful mind",1
"Godfather, Part II, The",1
"E.T. the Extra-Terrestrial",1
Ghost,1
Casablanca,1
"Full Monty, The",1
"Gone with the Wind",1
"Muppet Movie, The",1
Aladdin,1
Grease,1
"Razor's Edge, The",1
"Anna and the King",1
Switchback,1
"American Beauty",1
"Sixth Sense, The",1
"A Boy and His Dog",1
"Pink Floyd:The Wall",1
"The Big Chill",1
"Regarding Henry",1
"Say Anything",1
"Altered States",1
"Abyss, The",1
"Strange Days",1
"Shawshank Redemption, The",1
"African Queen, The",1
"Singin' In The Rain",1
"All That Jazz",1
"Almost Famous",1
"Princess Bride, The",1
Ran,1
"Spitfire Grill, The",1
"Apollo 13",1
"Saving Private Ryan",1
"Schindler's List",1
"American History X",1
"American Werewolf in London, An",1
Alien,1
"The Crow",1
"Matrix, The",1
"Gone in 60 Seconds",1
"Happy Gilmore",1
"Harry Potter and the Chamber of Secrets",1
"Waterboy, The",1
"Grumpier Old Men",1
"Hollywood Knights",1
"Good Will Hunting",1
"Father of the Bride Part II",1
Trainspotting,1
"Star Wars Episode II: Attack of the Clones",1
"Pretty In Pink",1
"Waking Ned Devine",1
"Return of the Jedi",1
"Memphis Belle",1
"Apocalypse Now",1
"Star Wars Episode VI: Return of the Jedi",1
"Apollo 13",1
"Breakfast Club",1
Quadrophenia,1
"Princess Bride, The",1
"Clockwork Orange, A",1
"Dark Crystal, The",1
"Indiana Jones and the Raiders of the Lost Ark",1
"American Pie 2",1
"Count of Monte Cristo, The",1
"Mission: Impossible",1
Clerks,1
"Pee-wee's Big Adventure",1
"Planes, Trains & Automobiles",1
"Repo Man",1
"National Lampoon's Vacation",1
"Monty Python and the Holy Grail",1
"Wild Things",1
Caddyshack,1
U-571,1
"Dead Poets Society",1
"Patriot, The",1
"Office Space",1
"Austin Powers: The Spy Who Shagged Me",1
"Vegas Vacation",1
"National Lampoon's Christmas Vacation",1
"Father of the Bride",1
"Star Wars",1
"Austin Powers In Goldmember",1
"Edward Scissorhands",1
"Star Wars Episode V: Empire Strikes Back",1
"Groundhog Day",1
Metropolis,1
"Full Monty, The",1
"Patriot Games",1
"Tank Girl",1
"Indiana Jones and the Last Crusade",1
"Fish Called Wanda",1
"Empire Strikes Back, The",1
"Indiana Jones and the Temple of Doom",1
"Blues Brothers",1
"Me, Myself and Irene",1
"Parent Trap, The",1
"Best in Show",1
Gladiator,1
"Breakfast At Tiffany's",1
"Godfather, The",1
"Forrest Gump",1
"Godfather, Part II, The",1
Braveheart,1
"Good Will Hunting",1
"Shawshank Redemption, The",1
"A beautiful mind",1
"Matrix, The",1
"Star Wars Episode V: Empire Strikes Back",1
"Star Wars Episode II: Attack of the Clones",1
"Star Wars Episode VI: Return of the Jedi",1
"Star Wars Episode I: The Phantom Menace",1
"Blade Runner",1
Ben-Hur,1
"Bullets Over Broadway",1
"Godfather, Part II, The",1
"Cyrano de Bergerac",1
"Princess Bride, The",1
Rebecca,1
"Abre los ojos",1
Goodfellas,1
"Purple Rose of Cairo",1
"Everything You Always Wanted to Know About Sex but Were Afraid to Ask",1
"Apocalypse Now",1
Papillon,1
"Blues Brothers",1
"American Graffiti",1
Casablanca,1
"TAKE THE MONEY AND RUN",1
"A Night At The Opera (1935)",1
Vertigo,1
"Citizen Kane",1
"Blade Runner",1
Alien,1
"Curse of the Jade Scorpion",1
"Manhattan Murder Mystery",1
"Planet of the Apes",1
Chinatown,1
"2001: a Space Odyssey",1
"Spy Who Loved Me, The",1
Goldfinger,1
Moonraker,1
"Die Hard",1
"Pink Panther, The",1
"Mummy, The",1
"A Few Good Men",1
"Pink Floyd:The Wall",1
"Patriot, The",1
"Hobbit, The",1
"Slap Shot",1
"Saving Silverman",1
"Good, the Bad, and the Ugly, the",1
"Scorpion King, The",1
"Star Wars Episode VI: Return of the Jedi",1
"Nightmare on Elm Street 1, A",1
"Enter the Dragon",1
"Jurassic Park",1
"Home Alone",1
"Blade Runner",1
"Empire Strikes Back, The",1
"Star Trek: First Contact",1
stargate,1
"Lethal Weapon",1
"Star Wars Episode I: The Phantom Menace",1
"Mummy Returns, The",1
"Indiana Jones and the Last Crusade",1
"13th Warrior, The",1
"Dances With Wolves",1
Braveheart,1
"From Russia With Love",1
"Live and Let Die",1
"Meet the Parents",1
Fletch,1
"Star Wars Episode V: Empire Strikes Back",1
"Star Wars",1
"Pink Panther Strikes Again, The",1
"Fast Times at Ridgemont High",1
"Indiana Jones and the Temple of Doom",1
Caddyshack,1
"Wayne's World",1
"On Her Majestys Secret Service",1
"Star Wars Episode II: Attack of the Clones",1
"Firm, The",1
"Diamonds Are Forever",1
Outland,1
Alien,1
"Uncle Buck",1
"Animal House",1
Gladiator,1
Predator,1
"Friday the 13th, Part 1",1
"Under Siege",1
"Spanish Prisoner, The",1
"Terminator, The",1
"Blues Brothers",1
"Terminator 2: Judgement Day",1
"Lord of the Rings: The Fellowship of the Ring, The",1
"A Few Good Men",1
"Hunt for Red October, The",1
"The Year of Living Dangerously",1
"L.A. Confidential",1
"Jurassic Park",1
"Butch Cassidy and the Sundance Kid",1
"Star Wars Episode V: Empire Strikes Back",1
"Midnight Run",1
"Blade Runner",1
"Star Wars",1
"Midnight Express",1
"Mean Streets",1
"American Graffiti",1
"The Grandfather",1
"Body Heat",1
"Wag the Dog",1
"African Queen, The",1
Alien,1
"Right Stuff, The",1
"Shawshank Redemption, The",1
"Harry Potter and the Chamber of Secrets",1
"Toy Story",1
"All That Jazz",1
"Usual Suspects, The",1
"Sleepless in Seattle",1
"Harry Potter and the Sorcerer's Stone",1
"The Meaning of Life",1
"Raiders of the Lost Ark",1
"American Beauty",1
Fargo,1
"Star wars",1
"Spy Game",1
"Harold and Maude",1
"Secret of Roan Inish, The",1
"Mad Max",1
"Star Wars Episode VI: Return of the Jedi",1
"Jackal, The",1
"L.A. Confidential",1
"Apollo 13",1
Alive,1
"Toy Story 2",1
"This is Spinal Tap",1
"Fried Green Tomatoes",1
"You've Got Mail",1
"When Harry Met Sally",1
"A Christmas Story",1
"Bridge on the River Kwai, The",1
"Sense and Sensibility",1
"Shakespeare in Love",1
"Bull Durham",1
"Silence of the labms",1
"For Richer or Poorer",1
Ghost,1
"Me, Myself and Irene",1
"Body Heat",1
"Miracle on 34th Street",1
Spider-Man,1
"Raising Arizona",1
"Karate Kid",1
"Horse Whisperer, The",1
"Pretty In Pink",1
"Die Hard",1
"City Slickers",1
"Absolute Power",1
"Terminator, The",1
"Driving Miss Daisy",1
"It's a Wonderful Life",1
"Sling Blade",1
"Mickey Blue Eyes",1
"No Way Out",1
Camelot,1
"Notting Hill",1
"Close Encounters Of The Third Kind",1
K-PAX,1
"Steel Magnolias",1
Shrek,1
Rainman,1
"Fools Rush In",1
"Godfather Part III, The",1
"Last of the Mohicans",1
"Patriot Games",1
"That Darn Cat",1
"Life is Beautiful",1
"Paper Moon",1
Sneakers,1
"Legally Blonde",1
"October Sky",1
"Die Hard With a Vengeance",1
"Full Monty, The",1
"Nothing To Lose",1
"Black Beauty",1
"Con Air",1
"Short Circuit",1
"Pulp Fiction",1
"Shawshank Redemption, The",1
"Hunt for Red October, The",1
"Client, The",1
"A beautiful mind",1
Deliverance,1
"Chariots of Fire",1
"Sleeping with the Enemy",1
"Color Purple, The",1
EDtv,1
"Dirty Dancing",1
"Talented Mr. Ripley, The",1
"Snow White",1
"Presumed Innocent",1
"Patriot, The",1
"African Queen, The",1
Overboard,1
"E.T. the Extra-Terrestrial",1
"Something To Talk About",1
"Sixth Sense, The",1
"The Color Purple",1
"My Cousin Vinny",1
Kingpin,1
"Dolores Claiborne",1
"Forrest Gump",1
Chocolat,1
"Gone in 60 Seconds",1
"Sum Of All Fears, The",1
"Lethal Weapon",1
"Deuce Bigalow: Male Gigolo",1
Braveheart,1
"Rush Hour",1
"The Big Chill",1
"Happy Texas",1
Airplane,1
"Preacher's Wife, The",1
Labyrinth,1
"Godfather, The",1
"Grumpy Old Men",1
"Much Ado About Nothing",1
"Matrix, The",1
"O Brother, Where Art Thou?",1
"Cider House Rules, The",1
"Clear and Present Danger",1
"Net, The",1
"Its a Mad Mad Mad Mad World",1
"Dances With Wolves",1
"Little Man Tate",1
Nell,1
"Knight's Tale, A",1
"Moll Flanders",1
"My Big Fat Greek Wedding",1
Brazil,1
"Big Blue, The",1
"Fifth Element, The",1
"Good Will Hunting",1
"Sixth Sense, The",1
"Sister Act",1
"Sophie's Choice",1
"Saving Private Ryan",1
"Thin Red Line, The",1
"Days of Heaven",1
Brazil,1
"Beautiful Girls",1
Beetlejuice,1
"Being John Malkovich",1
"Harry Potter and the Sorcerer's Stone",1
Labyrinth,1
Legend,1
"Pretty In Pink",1
"Lord of the Rings: The Fellowship of the Ring, The",1
"Back to the Future",1
"Top Secret!",1
Heathers,1
"Better Off Dead",1
"Real Genius",1
"High Fidelity",1
"Professional, The",1
"Pulp Fiction",1
"Princess Mononoke",1
"American Beauty",1
"Say Anything",1
"Pee-wee's Big Adventure",1
Mallrats,1
"Matrix, The",1
"Star Wars Episode I: The Phantom Menace",1
"Star Wars Episode VI: Return of the Jedi",1
"Star Wars Episode II: Attack of the Clones",1
"Star Wars Episode V: Empire Strikes Back",1
"Star Trek: The Wrath of Khan",1
"Star Wars",1
"Star Trek: Insurrection",1
"Star Trek: First Contact",1
"Star Trek IV: The Voyage Home",1
"A beautiful mind",1
Ali,1
"Star Trek IV: The Voyage Home",1
"Star Trek: Insurrection",1
"Star Wars Episode V: Empire Strikes Back",1
"Star Trek: First Contact",1
"Star Wars Episode VI: Return of the Jedi",1
"Star Wars Episode II: Attack of the Clones",1
"Star Trek: The Wrath of Khan",1
"Star Wars Episode I: The Phantom Menace",1
Braveheart,1
"My Left Foot",1
"Thomas Crown Affair, The",1
"Saving Private Ryan",1
Hannibal,1
"Empire of the Sun",1
"Green Mile, The",1
"Terminator 2: Judgement Day",1
"The Abyss",1
"Mission: Impossible 2",1
"Godfather, Part II, The",1
Highlander,1
Ghost,1
"Emperor's New Groove, The",1
"Matrix, The",1
Gladiator,1
"Godfather Part III, The",1
"Top Gun",1
"Godfather, The",1
"Terminator, The",1
"Tequila Sunrise",1
Heat,1
"E.T. the Extra-Terrestrial",1
Gattaca,1
"General's Daughter, The",1
"Empire Strikes Back, The",1
Alien,1
"African Queen, The",1
Excalibur,1
"Breakfast Club",1
"Back to the Futer Part II",1
"West Side Story",1
"Back to the Future",1
"A Christmas Story",1
Caddyshack,1
PollyAnna,1
"Pink Panther, The",1
Ghostbusters,1
"Wizard of Oz, The",1
"Mad, Mad Mad World",1
"Swiss Family Robinson, The",1
"Back to the Future, Part III",1
"Blues Brothers",1
Bambi,1
"Mad Max",1
"2001 - A Space Odissey",1
"Raiders of the Lost Ark",1
"Little Mermaid, The",1
"Jungle Book, The",1
Shrek,1
"Saving Private Ryan",1
Tootsie,1
"Mrs. Doubtfire",1
"James Bond Movies",1
"French Connection, The",1
"Top Gun",1
Speed,1
"The Big Chill",1
"The Goodbye Girl",1
"American History X",1
"Arizona Dream",1
"Life is Beautiful",1
"About A Boy",1
"Forrest Gump",1
"Clockwork Orange, A",1
Babe,1
Papillon,1
"Austin Powers: The Spy Who Shagged Me",1
"Blues Brothers",1
"E.T. the Extra-Terrestrial",1
Awakenings,1
"Animal House",1
Gladiator,1
"Saving Private Ryan",1
"American Beauty",1
"Fear and Loathing in Las Vegas",1
"Fried Green Tomatoes",1
Ghost,1
"Duck Soup",1
"Full Monty, The",1
"Sister Act",1
"Who Framed Roger Rabbit",1
"Wag the Dog",1
"Killing Fields, The",1
"Apocalypse Now",1
Heat,1
"The Crying Game",1
"Dead Poets Society",1
Gandhi,1
"Edward Scissorhands",1
"Dirty Dancing",1
"Dead Man Walking",1
"Butch Cassidy and the Sundance Kid",1
MASH,1
"The Gods Must be Crazy!",1
"Apollo 13",1
Arthur,1
"To Wong Foo, Thanks For Everything! Julie Newmar",1
"St. Elmo's Fire",1
"Office Space",1
"Midnight Express",1
K-PAX,1
"Patriot, The",1
"The Big Chill",1
"Star Wars Episode I: The Phantom Menace",1
"Ocean's Eleven",1
silkwood,1
"Monsters Inc.",1
"Young Frankenstein",1
"My Best Friend's Wedding",1
"Girl, Interrupted",1
"Joy Luck Club, The",1
"Pay it Forward",1
"To Kill a Mockingbird",1
"Fight Club",1
"Rosemary's Baby",1
"Billy Elliot",1
"Shawshank Redemption, The",1
"Silence of the labms",1
"My Big Fat Greek Wedding",1
"While You Were Sleeping",1
"Indiana Jones and the Raiders of the Lost Ark",1
Rainman,1
"Terminator, The",1
Powder,1
"Usual Suspects, The",1
"The Usual Suspects",1
"Twelve Monkeys",1
"Star Wars",1
"American Graffiti",1
"A beautiful mind",1
"The Color Purple",1
Braveheart,1
"Rocky Horror Picture Show, The",1
"THE SILENCE OF THE LAMBS",1
"Sound of Music, The",1
"One Flew over the Cuckoo's Nest",1
Jaws,1
Scarface,1
"Blazing Saddles",1
Hercules,1
Ghostbusters,1
Aladdin,1
"Beauty and the Beast",1
"Lion King, The",1
"League of Their Own, A",1
"Crouching Tiger, Hidden Dragon",1
"Austin Powers: International Man of Mystery",1
"Indiana Jones and the Last Crusade",1
"Indiana Jones and the Temple of Doom",1
"Toy Story 2",1
"Raiders of the Lost Ark",1
"Who Framed Roger Rabbit",1
"Fifth Element, The",1
"Apollo 13",1
"Toy Story",1
"Indiana Jones and the Raiders of the Lost Ark",1
"Little Mermaid, The",1
"Monsters Inc.",1
"Charlie's Angels",1
Shaft,1
"Air Force One",1
Spider-Man,1
"Home Alone 2",1
"Blade Runner",1
"Lethal Weapon",1
Jaws,1
Scooby-Doo,1
Coma,1
"Witness for the Prosecution",1
"Trading Places",1
"Enter the Dragon",1
"Pearl Harbor",1
"Andromeda Strain, The",1
"Exorcist, The",1
"Terminator 2: Judgement Day",1
"Nightmare on Elm Street 3: Dream Warriors, A",1
"Blade II",1
"Jason Goes to Hell: The Final Friday",1
Twister,1
"Coming to America",1
"Friday the 13th, Part 3",1
"A Few Good Men",1
"Blair Witch Project, The",1
Alien,1
Scarface,1
"Friday the 13th, Part 4: The Final Chapter",1
"Star Trek: Insurrection",1
"Nightmare on Elm Street 2: Freddy's Revenge, A",1
"Schindler's List",1
"Stuart Little",1
"Pay it Forward",1
"Jeepers Creepers",1
"Star Trek: The Wrath of Khan",1
"General's Daughter, The",1
"All the President's Men",1
"Jurassic Park",1
"Friday the 13th, Part 1",1
"Friday the 13th, Part 2",1
Scream,1
"Shawshank Redemption, The",1
Wargames,1
"A Christmas Story",1
"Back to the Futer Part II",1
"Jerk, The",1
"Stalag 17",1
Footloose,1
"Bride of Chucky",1
"Conversation, The",1
"Abyss, The",1
JFK,1
"Kindergarten Cop",1
"Last Starfighter, The",1
"Star Wars",1
RadioFlyer,1
Spider-Man,1
"Breakfast Club",1
"American Graffiti",1
Hoosiers,1
"Grumpy Old Men",1
Species,1
Blade,1
"Beverley Hills Cop",1
Rocky,1
"Back to the Future",1
Sneakers,1
"Young Frankenstein",1
"Back to the Future, Part III",1
"Star Trek: First Contact",1
Shrek,1
"Nightmare on Elm Street 1, A",1
"Nutty Professor, The",1
"Alien 3",1
Aliens,1
"Home Alone",1
"Scream 2",1
"Beverly Hills Cop III",1
"Pet Sematary",1
"Godfather, The",1
"Star Trek IV: The Voyage Home",1
"Toy Story",1
"Ferris Bueller's Day Off",1
Frankenstein,1
Ghost,1
"Bridge on the River Kwai, The",1
"Dirty Harry",1
"Young Frankenstein",1
"Richie Rich",1
"Terminator, The",1
"Dark Crystal, The",1
"Basketball Diaries, The",1
Beetlejuice,1
"Lion King, The",1
Dracula,1
Rounders,1
Casino,1
"Meet the Parents",1
"Forrest Gump",1
"Pulp Fiction",1
Scarface,1
Titanic,1
"Princess Bride, The",1
"American Beauty",1
Aladdin,1
"Atlantis: The Lost Empire",1
"Little Mermaid, The",1
"Silence of the labms",1
Superstar,1
"Abyss, The",1
"Apollo 13",1
"Lord of the Rings: The Fellowship of the Ring, The",1
"Lilo & Stitch",1
"Star Wars Episode V: Empire Strikes Back",1
"Silence of the labms",1
"Star Wars",1
"Color of Money, The",1
"Star Trek: Insurrection",1
Vertigo,1
"Star Wars Episode VI: Return of the Jedi",1
"Sixth Sense, The",1
"A Few Good Men",1
"Rear Window",1
"Blues Brothers",1
"Terminator 2: Judgement Day",1
"Back to the Future",1
Speed,1
Stripes,1
"Ten Commandments, The",1
Psycho,1
"Raiders of the Lost Ark",1
"Star Trek: The Wrath of Khan",1
"Grand Canyon",1
"Monty Python and the Holy Grail",1
"Monty Python's the Meaning of Life",1
"Saving Private Ryan",1
"Schindler's List",1
"Fugitive, The",1
Airplane,1
"Shawshank Redemption, The",1
"A Christmas Story",1
"Lord of the Rings: The Fellowship of the Ring, The",1
"Back to the Future",1
"Star Wars Episode VI: Return of the Jedi",1
Awakenings,1
Spaceballs,1
"12 Monkeys",1
Beetlejuice,1
"8 Heads in a Duffel Bag",1
"Adventures of Baron Munchausen, The",1
"Analyze This",1
"Absolute Power",1
"Blade Runner",1
"Clockwork Orange, A",1
Dune,1
"A beautiful mind",1
"Touch of Evil",1
Casablanca,1
"Notting Hill",1
"Dirty Rotten Scoundrels",1
"Thomas Crown Affair, The",1
"North By Northwest",1
"Truly, Madly, Deeply",1
"Lawrence of Arabia",1
"Apocalypse Now",1
"Raiders of the Lost Ark",1
Gladiator,1
Platoon,1
"Star Wars Episode V: Empire Strikes Back",1
"Star Wars",1
stargate,1
"Marry Popings",1
"Star Wars Episode VI: Return of the Jedi",1
"The Abyss",1
"A beautiful mind",1
"Star wars",1
Armageddon,1
Sneakers,1
"Star Wars Episode I: The Phantom Menace",1
"Men in Black",1
Sniper,1
"Abyss, The",1
"Star Wars Episode II: Attack of the Clones",1
Gandhi,1
"The Name of the Rose",1
"Godfather, The",1
"Godfather, Part II, The",1
"Blade Runner",1
"Adventures of Robin Hood, The",1
"American Graffiti",1
Batman,1
"Batman Forever",1
"Back to the Future, Part III",1
"A beautiful mind",1
"Big Chill",1
"Chicken Run",1
"Wedding Planner, The",1
"E.T. the Extra-Terrestrial",1
"Dirty Dozen",1
"Grumpy Old Men",1
X-Men,1
"Gods Must Be Crazy, The",1
"Back to the Future",1
"All Dogs Go To Heaven",1
"Fist Full of Dollars",1
"Yellow Submarine",1
"Final Fantasy: The Spirits Within",1
Amadeus,1
Gladiator,1
"Andromeda Strain, The",1
"African Queen, The",1
"Die Hard",1
"Blast from the Past",1
"Fast and the Furious, The",1
"Dirty Rotten Scoundrels",1
"White Oleander",1
"Wedding Singer, The",1
Witness,1
"Fiddler on the Roof",1
"A Boy and His Dog",1
"Abyss, The",1
"Close Encounters Of The Third Kind",1
"Breaking Away",1
"Full Monty, The",1
"Fifth Element, The",1
"Chitty Chitty Bang Bang",1
Beetlejuice,1
"William Shakespeare's Romeo & Juliet",1
"City Slickers",1
"A Christmas Story",1
"Four Weddings and a Funeral",1
"War Of The Worlds",1
Caddyshack,1
"Forrest Gump",1
"Dead Men Don't Wear Plaid",1
"Dr. Dolittle",1
"Good Will Hunting",1
"Dark Crystal, The",1
"Ferris Bueller's Day Off",1
"Dr. No",1
"Crocodile Dundee",1
"Young Frankenstein",1
"Cool Hand Luke",1
"Das Boot",1
"Forbidden Planet",1
"X-Files, The",1
"Dish, The",1
"Waking Ned Devine",1
"Back to the Futer Part II",1
"Diamonds Are Forever",1
"Grumpier Old Men",1
Dumbo,1
Fantasia,1
"Wizard of Oz, The",1
"Dirty Dancing",1
XXX,1
"Curse of the Jade Scorpion",1
"Far and Away",1
"Fly Away Home",1
"Fox and the Hound, The",1
"Guns of Navarone",1
"Dog Day Afternoon",1
"Groundhog Day",1
Ghost,1
"Dr. Seuss' How The Grinch Stole Christmas",1
Dune,1
Willow,1
"West Side Story",1
"Executive Decision",1
"Young Frankenstein",1
"Buffy The Vampire Slayer",1
"Borrowers, The",1
"Die Hard With a Vengeance",1
"Good, the Bad, and the Ugly, the",1
"American Dreamer",1
"Cast Away",1
"For Your Eyes Only",1
"Willy Wonka and the Chocolate Factory",1
"Die Hard",1
"Wings of Desire",1
Fargo,1
"Godfather, The",1
"Raising Arizona",1
Unforgiven,1
"Godfather, Part II, The",1
"American Pie",1
"Working Girl",1
"Pulp Fiction",1
"Lion King, The",1
"Wall Street",1
Wargames,1
"Firm, The",1
"Sixth Sense, The",1
"Mission: Impossible",1
"Uncle Buck",1
"Hunt for Red October, The",1
"Austin Powers: The Spy Who Shagged Me",1
"Abyss, The",1
"Field of Dreams",1
"Patriot Games",1
"American President, The",1
"Patch Adams",1
"My Cousin Vinny",1
"Sleepless in Seattle",1
"Cool Runnings",1
"Perfect Murder, A",1
"Regarding Henry",1
"Back to the Future",1
"Ten Things I Hate About You",1
"You've Got Mail",1
"Whole Nine Yards, The",1
Sneakers,1
"City of Angels",1
"Seargent York",1
"Space Cowboys",1
"A beautiful mind",1
"Big Chill",1
Memento,1
"Matrix, The",1
"Lord of the Rings: The Fellowship of the Ring, The",1
Deliverance,1
"Big Night",1
"Apollo 13",1
Papillon,1
"Terminator, The",1
"Godfather, The",1
"Star Wars Episode II: Attack of the Clones",1
"Rocky Horror Picture Show, The",1
"Right Stuff, The",1
"James and the Giant Peach",1
"A Christmas Story",1
"Birdcage, The",1
"Victor Victoria",1
"THE SILENCE OF THE LAMBS",1
Ali,1
"Blazing Saddles",1
"Indiana Jones and the Temple of Doom",1
"Mad Max",1
Tootsie,1
Shrek,1
"Being John Malkovich",1
"French Connection, The",1
"Beauty and the Beast",1
"Top Secret!",1
"Big Trouble in Little China",1
Braveheart,1
"Dr. Seuss' How The Grinch Stole Christmas",1
"Full Monty, The",1
"Close Encounters Of The Third Kind",1
"Few Good Men, A",1
Babe,1
"Lethal Weapon",1
"A Few Good Men",1
"Dead Poets Society",1
"Firm, The",1
"E.T. the Extra-Terrestrial",1
"Top Gun",1
Sleeper,1
"Star Wars Episode V: Empire Strikes Back",1
Amadeus,1
"China Syndrome",1
"Indiana Jones and the Last Crusade",1
"Erin Brockovich",1
"Star Wars Episode VI: Return of the Jedi",1
"Empire of the Sun, The",1
"Four Weddings and a Funeral",1
"Nurse Betty",1
"Lord of the Rings: The Fellowship of the Ring, The",1
"Chicken Run",1
"When Harry Met Sally",1
"Return of the Jedi",1
"Fried Green Tomatoes",1
"Harold and Maude",1
"Lion King, The",1
"Pink Panther, The",1
"Life of Brian",1
Caddyshack,1
"O Brother, Where Art Thou?",1
Totoro,1
"Jurassic Park",1
"Empire Strikes Back, The",1
"Being There",1
"Silence of the labms",1
Gladiator,1
"Blade Runner",1
"The Pelican Brief",1
"American Graffiti",1
Big,1
"Star Wars Episode I: The Phantom Menace",1
"Mrs. Doubtfire",1
"Moulin Rouge",1
"Gods Must Be Crazy, The",1
"Fish Called Wanda",1
"Music Man, The",1
Alien,1
"Matrix, The",1
"Mission: Impossible",1
Ghostbusters,1
"Monty Python and the Holy Grail",1
"Little Mermaid, The",1
"Almost Famous",1
"City Slickers",1
"Body Heat",1
"Remember the Titans",1
"Shawshank Redemption, The",1
"Princess Bride, The",1
"Color Purple, The",1
"Pretty Woman",1
"Untouchables, The",1
"Jerry Maguire",1
"Indiana Jones and the Raiders of the Lost Ark",1
"American Beauty",1
"Raiders of the Lost Ark",1
Amelie,1
"Life of Brian",1
"Fish Called Wanda",1
"Raiders of the Lost Ark",1
"Ferris Bueller's Day Off",1
"Star Wars",1
"Red Dawn",1
Fletch,1
Mulan,1
Shrek,1
"Three Men and a Baby",1
"Schindler's List",1
"Sound of Music, The",1
"Star Wars Episode V: Empire Strikes Back",1
"Star Trek IV: The Voyage Home",1
"Star Trek: The Wrath of Khan",1
"Hannah and Her Sisters",1
"Star Trek: First Contact",1
"Sure Thing, The",1
"Star Wars Episode VI: Return of the Jedi",1
"Star Wars",1
Superman,1
"Planet of the Apes",1
"Play It Again, Sam",1
"Raising Arizona",1
"12 Angry Men",1
"A bridge Too Far",1
"Fried Green Tomatoes",1
"Driving Miss Daisy",1
"A Christmas Story",1
"Flight of the Intruder",1
"Lord of the Rings: The Fellowship of the Ring, The",1
"Star Wars Episode VI: Return of the Jedi",1
"Matrix, The",1
X-Men,1
"Star Wars",1
"Star Wars Episode V: Empire Strikes Back",1
"Star Wars Episode I: The Phantom Menace",1
Spider-Man,1
"Logan's Run",1
"Star Wars Episode II: Attack of the Clones",1
"Terminator 2: Judgement Day",1
"Slap Shot",1
"Star Wars Episode I: The Phantom Menace",1
"Austin Powers: International Man of Mystery",1
Stripes,1
Spaceballs,1
"A Few Good Men",1
Spider-Man,1
"Star Wars Episode V: Empire Strikes Back",1
"Top Gun",1
"Schindler's List",1
"Starship Troopers",1
Aliens,1
Shrek,1
"Star Wars Episode VI: Return of the Jedi",1
"Star Wars",1
"Terminator, The",1
"Star Wars Episode II: Attack of the Clones",1
"Austin Powers: The Spy Who Shagged Me",1
"Sixth Sense, The",1
Casablanca,1
"You've Got Mail",1
"Mrs. Doubtfire",1
Jaws,1
Contact,1
"Mad, Mad Mad World",1
"Cats & Dogs",1
Caddyshack,1
Brazil,1
"Crazy in Alabama",1
Matilda,1
"Monsters Inc.",1
"My Best Friend's Wedding",1
"Mummy Returns, The",1
"Total Recall",1
"Mrs. Doubtfire",1
"Mr. Holland's Opus",1
"Saving Private Ryan",1
"Mission: Impossible",1
"Cyrano de Bergerac",1
"Blade Runner",1
Casablanca,1
"Doctor Zhivago",1
"Dr. Strangelove",1
Chinatown,1
"Out of Africa",1
"Zorba the Greek",1
"City Slickers",1
Aliens,1
"Schindler's List",1
"To Kill a Mockingbird",1
Platoon,1
"Butch Cassidy and the Sundance Kid",1
"Jurassic Park",1
"Terminator, The",1
U-571,1
"Raiders of the Lost Ark",1
Rainman,1
Papillon,1
"Pink Panther, The",1
"Star Wars",1
"Princess Bride, The",1
"Legally Blonde",1
"Blade Runner",1
"Broadcast News",1
"Defending Your LIfe",1
"Ever After: A Cinderella Story",1
Brazil,1
"Galaxy Quest",1
"Star Wars Episode VI: Return of the Jedi",1
"Star Wars Episode I: The Phantom Menace",1
"Star Wars Episode II: Attack of the Clones",1
"Matrix, The",1
"Star Wars",1
"Jerk, The",1
"Star Wars Episode V: Empire Strikes Back",1
"Grapes of Wrath, The",1
Fargo,1
"American Beauty",1
"Jerry Mcguire",1
"Saving Private Ryan",1
"Sting, The",1
Big,1
"Monty Python and the Holy Grail",1
"Star Trek: Insurrection",1
"The Red Violin",1
"Strictly Ballroom",1
Caddyshack,1
"Three Days of the Condor",1
"A.I.: Artificial Intelligence",1
"Local Hero",1
"Crouching Tiger, Hidden Dragon",1
"Star Wars Episode I: The Phantom Menace",1
"Star Trek: First Contact",1
"Star Wars Episode V: Empire Strikes Back",1
"Broadcast News",1
"Star Trek: The Wrath of Khan",1
"Star Wars Episode II: Attack of the Clones",1
"Secret of Roan Inish, The",1
Showgirls,1
"Toy Story",1
"Usual Suspects, The",1
"Star Wars Episode VI: Return of the Jedi",1
"Star Wars",1
"Lord of the Rings: The Two Towers, The",1
"Lord of the Rings: The Fellowship of the Ring, The",1
"Terminator, The",1
"Terminator 2: Judgement Day",1
Friday,1
"Pootie Tang",1
Delicatessen,1
"Adventures of Bob & Doug McKenzie: Strange Brew, The",1
Brazil,1
"Clockwork Orange, A",1
"Evil Dead 2: Dead by Dawn",1
"Lost Highway",1
"Hard Boiled",1
"Repo Man",1
"Night of the Living Dead",1
"Buffalo 66",1
"Plan Nine from Outer Space",1
"Lion King, The",1
Ali,1
"Executive Decision",1
"A.I.: Artificial Intelligence",1
"Godfather Part III, The",1
"One Flew over the Cuckoo's Nest",1
"Godfather, Part II, The",1
"A Few Good Men",1
"Godfather, The",1
"A beautiful mind",1
"Star Wars",1
Batman,1
"Time Machine, The",1
"Thomas Crown Affair, The",1
Beethoven,1
"True Lies",1
Tombstone,1
"Art of War, The",1
"Apollo 13",1
"A beautiful mind",1
Alien,1
"Top Gun",1
"Star Trek IV: The Voyage Home",1
"A Few Good Men",1
"Star Trek: The Wrath of Khan",1
"Godfather, The",1
Ghost,1
"A beautiful mind",1
"Godfather, Part II, The",1
Ransom,1
"Godfather Part III, The",1
"Forrest Gump",1
"Life of Brian",1
"Repo Man",1
"Heavenly Creatures",1
"One Flew over the Cuckoo's Nest",1
"Ice Storm, The",1
"Fifth Element, The",1
"Secrets & Lies",1
"Nina Takes a Lover",1
"Steel Magnolias",1
"Raising Arizona",1
"Far and Away",1
"Picture Bride",1
"Shawshank Redemption, The",1
"Terminator 2: Judgement Day",1
Tampopo,1
"State and Main",1
Magnolia,1
"Reservoir Dogs",1
"Rush Hour",1
"O Brother, Where Art Thou?",1
"Last Temptation of Christ",1
"Matrix, The",1
"Requiem for a Dream",1
"Romeo Must Die",1
"Clockwork Orange, A",1
"Joy Luck Club, The",1
"Get Shorty",1
"My Left Foot",1
Pi,1
"Pushing Tin",1
"Jurassic Park",1
Koyanisqatsi,1
"Shining, The",1
"Hudsucker Proxy, The",1
"Meet Joe Black",1
"Taxing Woman, A",1
"L.A. Confidential",1
"Rocky Horror Picture Show, The",1
"Edward Scissorhands",1
Smoke,1
Gattaca,1
Mulan,1
"Snow Falling on Cedars",1
"After Life",1
"Milagro Beanfield War, The",1
"Pink Floyd:The Wall",1
"Lilo & Stitch",1
"Say Anything",1
"Independence Day",1
"Full Monty, The",1
"Short Cuts",1
"Taxi Driver",1
Braveheart,1
Rainman,1
"Sling Blade",1
Pocahontas,1
"After Hours",1
"Mad, Mad Mad World",1
Platoon,1
"Men in Black",1
Scarface,1
"Chicken Run",1
"High Fidelity",1
"Almost Famous",1
"No Way Out",1
"My Cousin Vinny",1
"In the Bedroom",1
Novocaine,1
silkwood,1
"Godfather, Part II, The",1
"Blue in the Face",1
"Boys Don't Cry",1
"Graduate, The",1
"Being John Malkovich",1
"12 Monkeys",1
"Drunken Master",1
"Fish Called Wanda",1
"Monty Python and the Holy Grail",1
"Prospero's Books",1
"Ghost in the Shell",1
"Spirited Away",1
"Lethal Weapon",1
"Liar Liar",1
"Sex, Lies, and Videotape",1
"Falling Down",1
"Monster's Ball",1
"Deer Hunter, The",1
Quadrophenia,1
Grifters,1
Speed,1
"Empire of the Sun, The",1
"House of Yes",1
Excalibur,1
"Double Jeopardy",1
8mm,1
"Monsters Inc.",1
"Star Wars",1
"Die Hard",1
"Saving Private Ryan",1
"Shanghai Noon",1
"Enemy of the State",1
"Sliding Doors",1
"Silent Running",1
Spider-Man,1
Sniper,1
"Panic Room",1
"Enemy of the State",1
"Star Wars Episode V: Empire Strikes Back",1
"Mission: Impossible",1
"Proof of Life",1
Rainman,1
"Empire Strikes Back, The",1
"Few Good Men, A",1
"Enemy at the Gates",1
"Goodmorning Vietnam",1
"Mr. Deeds",1
"Star Wars Episode II: Attack of the Clones",1
"Road To Perdition",1
"Sleepless in Seattle",1
"K-19: The Widowmaker",1
"Fast and the Furious, The",1
Braveheart,1
"Air Force One",1
"Seargent York",1
"Mystery, Alaska",1
"Cable Guy, The",1
"Mission: Impossible 2",1
"American Pie",1
"Jackal, The",1
"Fight Club",1
"Full Metal Jacket",1
"Bone Collector, The",1
"Men of Honor",1
"Rock, The",1
"Hunt for Red October, The",1
"Ladies Man, The",1
"Return of the Jedi",1
"Sleeping with the Enemy",1
"Saving Private Ryan",1
"Spies Like Us",1
Gladiator,1
"Hart's War",1
stargate,1
"Indiana Jones and the Raiders of the Lost Ark",1
"G.I. Jane",1
"Planet of the Apes",1
"Patriot Games",1
"Englishman Who Went Up a Hill But Came Down a Mountain, The",1
"Star Wars Episode I: The Phantom Menace",1
"Super Troopers",1
Soldier,1
"Office Space",1
"Peacemaker, The",1
"Coming to America",1
"Star Wars",1
"Legend of Bagger Vance, The",1
"Meet Joe Black",1
"My Cousin Vinny",1
"Men in Black",1
X-Men,1
"Star Wars Episode VI: Return of the Jedi",1
"Risky Business",1
"Starship Troopers",1
"Meet the Parents",1
"Con Air",1
"Minority Report",1
Philadelphia,1
XXX,1
"Lock, Stock & Two Smoking Barrels",1
"Indiana Jones and the Last Crusade",1
"Happy Gilmore",1
"Field of Dreams",1
"Kelly's Heroes",1
"A Few Good Men",1
"Ice Age",1
"Almost Famous",1
"Outlaw Josie Wales, The",1
"Harry Potter and the Sorcerer's Stone",1
K-PAX,1
"Courage Under Fire",1
"Men In Black II",1
"American Pie 2",1
"Me, Myself and Irene",1
"Orange County",1
"Night at the Roxbury, A",1
"Hurricane, The",1
"Saving Silverman",1
"Big Blue, The",1
"Young Frankenstein",1
"Princess and Warrior, The (Krieger and Die Kaiserin, Der)",1
"Winter Sleepers",1
"Cinema Paradiso: The New Version",1
"Stealing Beauty",1
"Lord of the Rings: The Fellowship of the Ring, The",1
"Swept Away (Italian)",1
"Legally Blonde",1
"When Harry Met Sally",1
"Last Dance",1
"Runaway Bride",1
Bandits,1
"Scent of a Woman",1
"Mr. Deeds",1
"Sleeping with the Enemy",1
"The Color Purple",1
"A Few Good Men",1
"Legends of the Fall",1
"Walk to Remember, A",1
Caddyshack,1
"Better Off Dead",1
"Lord of the Rings: The Fellowship of the Ring, The",1
"Die Hard",1
"Hunt for Red October, The",1
"Anniversary Party, The",1
Memento,1
"Godfather, Part II, The",1
"Donnie Darko",1
"Godfather, The",1
"Mulholland Drive",1
"Godfather Part III, The",1
"Ghost World",1
"Deconstructing Harry",1
"Dr. Strangelove or: How I Learned to Stop Worrying and Love the Bomb",1
Storytelling,1
Amelie,1
Delicatessen,1
"Dangerous Liasons",1
"Apocalypse Now Redux",1
"Requiem for a Dream",1
"Dancer in the Dark",1
"Harry Potter and the Sorcerer's Stone",1
"Count of Monte Cristo, The",1
X-Men,1
"Alien 3",1
"Adventures of Bob & Doug McKenzie: Strange Brew, The",1
"Wrong Trousers, The",1
"Star Wars Episode V: Empire Strikes Back",1
"Tortilla Soup",1
"Sixth Sense, The",1
Zoolander,1
Caddyshack,1
"Abyss, The",1
"There's Something about Mary",1
Species,1
Scrooged,1
Striptease,1
"Clockwork Orange, A",1
Aliens,1
Scream,1
"Alien Resurrection",1
Highlander,1
"Harry Potter and the Chamber of Secrets",1
"Terminator 2: Judgement Day",1
Tron,1
Showgirls,1
"Sling Blade",1
"Tomorrow Never Dies",1
"Star Wars",1
"Star Wars Episode VI: Return of the Jedi",1
Alien,1
"Terminator, The",1
"Star Wars",1
"Red Violin, The",1
Clerks,1
"One, The",1
"Lord of the Rings: The Fellowship of the Ring, The",1
"American Dreamer",1
"All the President's Men",1
"Perfect Storm, The",1
Camelot,1
"West Side Story",1
"Harry Potter and the Sorcerer's Stone",1
"Robin Hood",1
"My Best Friend's Wedding",1
"Dances With Wolves",1
"Pride and Prejudice",1
"Star Wars",1
"Animal House",1
Gladiator,1
"Back to the Future, Part III",1
"Paper Moon",1
"Forrest Gump",1
"Star Trek IV: The Voyage Home",1
Grease,1
"Father of the Bride",1
"Indiana Jones and the Last Crusade",1
"Star Trek: First Contact",1
"Star Trek IV: The Voyage Home",1
"Groundhog Day",1
"Eyes Wide Shut",1
"Godfather, Part II, The",1
Gladiator,1
"Reservoir Dogs",1
"Back to the Future",1
"A.I.: Artificial Intelligence",1
Rainman,1
stargate,1
Batman,1
"Fantasia 2000",1
Robocop,1
"Toy Story",1
"Star Wars Episode V: Empire Strikes Back",1
Labyrinth,1
"Dances With Wolves",1
Gladiator,1
"Ocean's Eleven",1
"Fiddler on the Roof",1
"Monty Python and the Holy Grail",1
"basic instinct",1
"Lord of the Rings: The Two Towers, The",1
"Star Wars Episode VI: Return of the Jedi",1
"My Giant",1
"Star Wars Episode I: The Phantom Menace",1
"Monty Python's the Meaning of Life",1
Alien,1
"Raiders of the Lost Ark",1
"A bridge Too Far",1
Ronin,1
"Seven Samurai",1
"Godfather, The",1
"Last Starfighter, The",1
Gladiator,1
"Star Trek: The Wrath of Khan",1
"Malcolm X",1
"Outsiders, The",1
"Few Good Men, A",1
"American Beauty",1
"National Lampoon's Vacation",1
"Sling Blade",1
"Shawshank Redemption, The",1
"Reservoir Dogs",1
"Mexican, The",1
Snatch,1
"Whole Nine Yards, The",1
"12 Monkeys",1
"Twelve Monkeys",1
"Mosquito Coast, The",1
"Meet Joe Black",1
"Pay it Forward",1
"Princess Bride, The",1
"One Flew over the Cuckoo's Nest",1
Patton,1
"Natural, The",1
"Pulp Fiction",1
"Outlaw Josie Wales, The",1
"Edward Scissorhands",1
"Legends of the Fall",1
Bandits,1
"Scent of a Woman",1
"The Good, The Bad, and the Ugly",1
"Thomas Crown Affair, The",1
"A Christmas Story",1
"Grosse Pointe Blank",1
"Star Trek: The Wrath of Khan",1
"Tin Cup",1
"What About Bob",1
"Ferris Bueller's Day Off",1
Caddyshack,1
Platoon,1
"Blade Runner",1
"Planes, Trains & Automobiles",1
"High Plains Drifter",1
"Tommy boy",1
"Galaxy Quest",1
"Firm, The",1
Gladiator,1
"A beautiful mind",1
"Godfather, The",1
"Pulp Fiction",1
"Exorcist, The",1
"Godfather Part III, The",1
"Truman Show, The",1
Contact,1
"Blade Runner",1
Gandhi,1
"Raiders of the Lost Ark",1
"Star Wars",1
Scooby-Doo,1
"Star Trek: Insurrection",1
"Star Wars Episode I: The Phantom Menace",1
"Adventures of Rocky and Bullwinkle, The",1
"Star Trek: The Wrath of Khan",1
"Star Wars Episode VI: Return of the Jedi",1
Braveheart,1
"Sophie's Choice",1
"Schindler's List",1
"Short Circuit",1
"Empire Strikes Back, The",1
"Count of Monte Cristo, The",1
Babe,1
"Forrest Gump",1
"Trading Places",1
Aliens,1
"The Natural",2
"Saving Private Ryan",2
Big,2
"American Pie",2
"A Fish Called Wanda",2
"Abyss, The",2
Aliens,2
"Almost Famous",2
"American History X",2
Akira,2
Alien,2
Aliens,2
Amadeus,2
Braveheart,2
"13th Warrior, The",2
"Saving Grace",2
"Seven Samurai",2
"Shock to the System, A",2
Spider-Man,2
"Star Wars Episode I: The Phantom Menace",2
"Star Wars Episode II: Attack of the Clones",2
"Star Wars Episode V: Empire Strikes Back",2
"Star Wars Episode VI: Return of the Jedi",2
"Star Wars",2
"Crouching Tiger, Hidden Dragon",2
"Drunken Master 2",2
Excalibur,2
"Enter the Dragon",2
"Fifth Element, The",2
"Final Fantasy: The Spirits Within",2
"Galaxy Quest",2
Gladiator,2
"Grosse Pointe Blank",2
Hackers,2
"Iron Monkey",2
"Jackie Chan's First Strike",2
"Jimmy Neutron: Boy Genius",2
Labyrinth,2
"Lara Croft: Tomb Raider",2
"Last Boy Scout, The",2
Legend,2
"Legend of 1900",2
"Live and Let Die",2
"Man With the Golden Gun, The",2
"Meet Joe Black",2
"Men in Black",2
"Monty Python and the Holy Grail",2
"Monty Python's the Meaning of Life",2
Moonraker,2
"Mummy, The",2
"Never Say Never Again",2
"Ninja Scroll",2
Octopussy,2
"Operation Condor",2
"Princess Bride, The",2
"Pump Up The Volume",2
"Quigley Down Under",2
"Raiders of the Lost Ark",2
"Resident Evil",2
"Romancing The Stone",2
"Terminator, The",2
"The Goonies",2
"The Three Musketeers",2
"The Witches Of Eastwick",2
"Thomas Crown Affair, The",2
Thunderball,2
"Tomb Raider",2
Tombstone,2
"Tomorrow Never Dies",2
Tron,2
"Twin Dragons",2
"Vampire Hunter D",2
"Waterboy, The",2
Waterworld,2
"What Dreams May Come",2
Willow,2
"World is not Enough, The",2
"Wyatt Earp",2
Xanadu,2
X-Men,2
Yojimbo,2
"Young Frankenstein",2
"Zorro the Gay Blade",2
"A beautiful mind",2
"As Good As It Gets",2
"Bridget Jones's Diary",2
"Harold and Maude",2
"Harry Potter and the Sorcerer's Stone",2
"Matrix, The",2
"Miracle on 34th Street",2
"Saving Grace",2
"It's a Wonderful Life",2
"Shakespeare in Love",2
"Importance Of Being Earnest, The",2
"Sense and Sensibility",2
"Commitments, The",2
MASH,2
"Star Wars",2
"Notting Hill",2
"A beautiful mind",2
"A Fish Called Wanda",2
"American Beauty",2
"Rocky Horror Picture Show, The",2
"My Own Private Idaho",2
Dogma,2
"Apocalypse Now",2
"Austin Powers: International Man of Mystery",2
"Austin Powers: The Spy Who Shagged Me",2
"Matrix, The",2
"Spy Who Loved Me, The",2
"Lord of the Rings: The Fellowship of the Ring, The",2
"Blade Runner",2
"Shining, The",2
Amadeus,2
"Six Degrees of Separation",2
"Sixth Sense, The",2
Smoke,2
"O Brother, Where Art Thou?",2
Orlando,2
Mindwalk,2
"Chariots of Fire",2
Gandhi,2
"Star Wars",2
"Star Wars Episode V: Empire Strikes Back",2
"Star Wars Episode VI: Return of the Jedi",2
"Star Wars Episode I: The Phantom Menace",2
"Star Wars Episode II: Attack of the Clones",2
"Joe Verses the Volcano",2
"Dirty Dancing",2
"Doc Hollywood",2
"Chitty Chitty Bang Bang",2
"Galaxy Quest",2
"Gods Must Be Crazy, The",2
"Monty Python and the Holy Grail",2
"Monty Python's the Meaning of Life",2
"The Abyss",2
"True Lies",2
Shrek,2
"French Kiss",2
"Pretty Woman",2
"Princess Bride, The",2
"As Good As It Gets",2
"Little Women",2
"Legally Blonde",2
Matilda,2
"Matrix, The",2
"Miss Congeniality",2
"Conspiracy Theory",2
"A beautiful mind",2
"2001: a Space Odyssey",2
"9 1/2 Weeks",2
"Apollo 13",2
"Usual Suspects, The",2
"Godfather, The",2
"Pulp Fiction",2
"Top Gun",2
"Tora! Tora! Tora!",2
"All That Jazz",2
"All the President's Men",2
"A beautiful mind",2
"A Knight's Tale",2
"Air Force One",2
"American Beauty",2
"America's Sweethearts",2
"Apollo 13",2
"Life with Father",2
"Fiddler on the Roof",2
Hook,2
"Rocket Man",2
"Gone Fishin'",2
IQ,2
"My Big Fat Greek Wedding",2
"Ollie Hopnoodle's Haven of Bliss",2
"A Few Good Men",2
"Beverley Hills Cop",2
"Blade Runner",2
Braveheart,2
Caddyshack,2
Face/Off,2
"Ferris Bueller's Day Off",2
"Shawshank Redemption, The",2
"Spies Like Us",2
"Star Wars Episode I: The Phantom Menace",2
"Star Wars Episode II: Attack of the Clones",2
"Star Wars Episode V: Empire Strikes Back",2
"Star Wars Episode VI: Return of the Jedi",2
"Strange Brew",2
"National Lampoon's Vacation",2
"So I Married an Axe Murderer",2
"Tin Cup",2
"Thomas Crown Affair, The",2
Tombstone,2
"A River Runs Through It",2
Aladdin,2
"All The Pretty Horses",2
"American Beauty",2
"American Graffiti",2
"Anna and the King",2
"Apollo 13",2
"Back to the Future",2
Backdraft,2
"Banger Sisters, The",2
Beaches,2
"Beauty and the Beast",2
Beetlejuice,2
"Bicentennial Man",2
"Bill & Ted's Excellent Adventure",2
"Bird on a Wire",2
"Birdcage, The",2
"Bodyguard, The",2
Bounce,2
Braveheart,2
"Breakfast Club",2
"Bridges of Madison County, The",2
"Bull Durham",2
"Bug's Life, A",2
"Butch Cassidy and the Sundance Kid",2
"Captain Corelli's Mandolin",2
"Cast Away",2
"Charlotte's Web",2
Chocolat,2
"Cider House Rules, The",2
"City of Angels",2
"City Slickers",2
"Close Encounters Of The Third Kind",2
"Color Purple, The",2
Contact,2
"Cool Hand Luke",2
"Crocodile Dundee",2
"Crossing Delancey",2
"Crouching Tiger, Hidden Dragon",2
"Dances With Wolves",2
"Dark Crystal, The",2
"Dead Man Walking",2
"Dead Poets Society",2
"Dead Poets Society",2
"Dirty Dancing",2
"Divine Secrets of the Ya-Ya Sisterhood",2
"Doc Hollywood",2
"Doctor Zhivago",2
"Don Juan DeMarco",2
"Dr. Seuss' How The Grinch Stole Christmas",2
Dragonfly,2
Dragonheart,2
"Driving Miss Daisy",2
"E.T. the Extra-Terrestrial",2
"Easy Rider",2
"Edward Scissorhands",2
"English Patient",2
"Erin Brockovich",2
"Fantasia 2000",2
"Father of the Bride",2
"Field of Dreams",2
"Finding Forrester",2
"First Wives Club",2
"Fish Called Wanda",2
Flashdance,2
"Fly Away Home",2
"Forever Young",2
"Forrest Gump",2
"Four Weddings and a Funeral",2
"Free Willy",2
"French Kiss",2
Frequency,2
"Fried Green Tomatoes",2
"Fugitive, The",2
"Full Monty, The",2
Gandhi,2
"George of the Jungle",2
Ghost,2
Ghostbusters,2
"Girl, Interrupted",2
"god father",2
"Godfather, The",2
"Gone with the Wind",2
"Good Will Hunting",2
"Goodmorning Vietnam",2
Goonies,2
Grease,2
"Hannah and Her Sisters",2
"Harriet the Spy",2
"Harry Potter and the Chamber of Secrets",2
"Harry Potter and the Sorcerer's Stone",2
"Hearts in Atlantis",2
Highlander,2
Heat,2
"Grosse Pointe Blank",2
"High Fidelity",2
Clerks,2
Mallrats,2
"Matrix, The",2
Payback,2
Gladiator,2
Braveheart,2
"Empire Records",2
"Saving Private Ryan",2
Bandits,2
"Thomas Crown Affair, The",2
"Tin Cup",2
Caddyshack,2
"So I Married an Axe Murderer",2
"Strange Brew",2
"Last Man Standing",2
"Ferris Bueller's Day Off",2
Tombstone,2
"Pushing Tin",2
"Saint, The",2
"A Christmas Story",2
"A Fistful Of Dollars",2
"A View To A Kill",2
"Arsenic and Old Lace",2
"Apollo 13",2
Batman,2
"Bridge on the River Kwai, The",2
"Chitty Chitty Bang Bang",2
"Empire Strikes Back, The",2
"From Russia With Love",2
Ghostbusters,2
"Guns of Navarone",2
"Hang 'em High",2
"Harry Potter and the Sorcerer's Stone",2
"Home Alone",2
"Indiana Jones and the Raiders of the Lost Ark",2
"James Bond Movies",2
"Jurassic Park",2
"Last Starfighter, The",2
"Licence To Kill",2
"Lost in Space",2
"Mad Max",2
"Magnum Force",2
"Man From Snowy River,The",2
"Mary Poppins",2
"Mask of Zorro",2
Maverick,2
"Men in Black",2
"Mission: Impossible",2
"Monsters Inc.",2
"Mummy, The",2
"Outlaw Josie Wales, The",2
"Princess Bride, The",2
"Return of the Jedi",2
"Robin Hood",2
"Shadow, The",2
Shrek,2
"Sleepless in Seattle",2
Sneakers,2
"Star Wars",2
"Star Trek: First Contact",2
"Star Trek: The Wrath of Khan",2
"Star Trek Generations",2
"Stuart Little",2
"Swiss Family Robinson, The",2
"The Cowboys",2
"The Hunt for Red October",2
"Uncle Buck",2
Westworld,2
"Young Sherlock Holmes",2
"Moulin Rouge",2
"Knight's Tale, A",2
"Gone In Sixty Seconds",2
"Star Wars Episode I: The Phantom Menace",2
"Star Wars Episode II: Attack of the Clones",2
"Star Wars Episode V: Empire Strikes Back",2
"Star Wars Episode VI: Return of the Jedi",2
"Star Wars",2
"Monsters Inc.",2
"Bug's Life, A",2
"Harold and Maude",2
"Blade Runner",2
"Death Race 2000",2
"Dark Star",2
Hardware,2
